"event_id","session_id","vehicle_id","company_id","event_type","weight_kg","event_time","remarks"
"048aa1d7-3f20-4e1a-a781-b6d603dad0b6","bc60b5f6-1f4f-4ba4-b8f8-6048b3e584bb","690b1e7a-569d-4347-a421-6781db279172","ffbb7cac-bc3c-44ad-b644-81a537f6b270","ARRIVAL","6356.00","2025-05-08 12:25:09.23672+00","R"
"0a0705d8-4019-45b7-b439-f8e4646de0db","4e357b9a-5837-4120-ae91-c789af153c6e","d63f4c98-9b4d-4a7c-8db1-3424d86eb81c","ffbb7cac-bc3c-44ad-b644-81a537f6b270","DEPARTURE","400.00","2025-05-08 07:35:02.797949+00","Quick departure using tare weight"
"0a54a2c7-e509-49ad-9ad0-d08d6559fb38","05519d52-e473-48d4-8825-1a26faaccd36","1b9c4e69-a11e-45a9-82fd-960123c6e39a","ffbb7cac-bc3c-44ad-b644-81a537f6b270","ARRIVAL","1.34","2025-05-08 11:14:03.423079+00","roma"
"0b2ff311-109f-4207-b099-56b954bcc08b","6e63b4d0-ad73-435f-aa47-fd521a00c64e","0a80073c-2fb8-43a3-935e-d7a9e5347e41","ffbb7cac-bc3c-44ad-b644-81a537f6b270","ARRIVAL","465.00","2025-05-08 12:29:25.271135+00","roma"
"0e18caff-ca0e-4667-aa55-27c361d5e464","a6e8aff3-cf5d-4c43-8ee1-4c465c88ab19","3a70762a-329c-4b00-9c7e-2e9d4c1f4cfe","ffbb7cac-bc3c-44ad-b644-81a537f6b270","ARRIVAL","650.00","2025-05-07 12:20:24.857713+00","Valley"
"1769acf0-c11b-4aed-b194-9a438c1642e2","cc4766fe-d664-4aec-b275-a20fbb45f41b","750427ee-72d0-41a0-ab1a-17b6e1c0dcb9","ffbb7cac-bc3c-44ad-b644-81a537f6b270","ARRIVAL","45000.69","2025-05-08 11:08:09.902202+00","R"
"19399f3f-c0bf-45b8-aa08-5d6b08084e0c","605cd2be-1f10-493a-8ab7-3b6c77d48070","690b1e7a-569d-4347-a421-6781db279172","ffbb7cac-bc3c-44ad-b644-81a537f6b270","ARRIVAL","550.00","2025-05-08 07:17:03.827134+00","chelston"
"1a6fc30d-7c41-4b13-a9eb-156c9bf36370","b7c6dc6e-db9b-4f11-b700-a21eaf007374","9f806a22-7c96-4049-9a40-9da2380d958b","ffbb7cac-bc3c-44ad-b644-81a537f6b270","ARRIVAL","600.00","2025-05-07 15:07:42.63517+00","Kamloops"
"1d3d701a-1b54-4619-9c42-6a974bd82e72","f947d03f-699d-4203-bea5-6a0f3f25d5b4","191c03ca-c2fb-410f-8b6e-d9a3f9201882","e4ea6afa-cb1c-4785-a3b4-727ba2bc3de6","DEPARTURE","9540.00","2025-05-08 08:52:27.437736+00",""
"1f5665ec-a8b3-49cc-b932-f84ad37b361c","13593454-80c0-4071-92b1-620219265e6d","8a567c0d-9a24-4aeb-8ace-54daab5d8c4b","ffbb7cac-bc3c-44ad-b644-81a537f6b270","ARRIVAL","655.00","2025-05-08 13:11:40.695779+00","R"
"21f652af-ac40-40c2-bb65-926ff51ba911","9c0740a4-ff6c-4674-938f-9d76ae112dd7","80989091-a1fb-4c4e-a36a-fe72b76d607c","ffbb7cac-bc3c-44ad-b644-81a537f6b270","DEPARTURE","450.00","2025-05-08 12:53:55.907739+00",""
"2358a5b2-28c5-4da6-a0d5-6a0b01b35940","9c0740a4-ff6c-4674-938f-9d76ae112dd7","80989091-a1fb-4c4e-a36a-fe72b76d607c","ffbb7cac-bc3c-44ad-b644-81a537f6b270","ARRIVAL","600.00","2025-05-08 12:53:17.957702+00","roma"
"28135a7e-2f35-4be5-a1c8-47b203f88ade","22c451d4-5ce3-472c-9728-fefd07f1a0ec","90f1bf56-4937-43ec-8a6f-c8becc2d1924","ffbb7cac-bc3c-44ad-b644-81a537f6b270","ARRIVAL","875.00","2025-05-07 12:12:28.919026+00","Chamba valley"
"2882cf09-e30a-4ad2-a740-5934e0cfe656","6c02f57f-9cde-4bdd-8507-33b36f67f5b8","690b1e7a-569d-4347-a421-6781db279172","ffbb7cac-bc3c-44ad-b644-81a537f6b270","ARRIVAL","600.00","2025-05-08 07:24:03.920589+00","roma"
"29e392ae-2bb3-470b-9a9a-92d792c29331","9e39e8f9-c4e9-4a97-b23b-1eb865ba3aff","3ba6013c-865d-4554-a1ee-52eca4570ec7","ffbb7cac-bc3c-44ad-b644-81a537f6b270","DEPARTURE","500.00","2025-05-08 12:52:24.121891+00","Quick departure using tare weight"
"2e720f32-b557-4e15-a8de-e88dab307c29","cc4766fe-d664-4aec-b275-a20fbb45f41b","750427ee-72d0-41a0-ab1a-17b6e1c0dcb9","ffbb7cac-bc3c-44ad-b644-81a537f6b270","DEPARTURE","4665.00","2025-05-08 11:09:50.964122+00","Quick departure using tare weight"
"3177e11a-1c38-4d06-aab8-04c57c53f97d","0c4f1cd8-3543-4f73-b690-fef68abcacfb","9fc3320b-65ee-453f-b443-6ec347c3af58","ffbb7cac-bc3c-44ad-b644-81a537f6b270","ARRIVAL","250.00","2025-05-08 08:58:18.434878+00","R"
"3459ec02-71bd-4fa1-8d54-22fd3f3f9efd","45bc6a4d-2992-44f5-843a-342d38d03d69","3a70762a-329c-4b00-9c7e-2e9d4c1f4cfe","ffbb7cac-bc3c-44ad-b644-81a537f6b270","DEPARTURE","550.00","2025-05-08 07:35:34.844055+00",""
"3fc26621-80dd-46d0-97c6-302593171630","3713ca3a-214e-425b-948b-0d3cedac40bb","287e7657-9ec5-4d9b-9d19-9ecae7f60346","ffbb7cac-bc3c-44ad-b644-81a537f6b270","ARRIVAL","600.00","2025-05-08 10:03:31.806494+00","R"
"433d95d8-3fb3-46c5-aeca-ec3901c7aa73","6bbda2ef-104d-424b-94e6-35eac4b49140","2242c6ce-e138-47fc-82b5-777e27a26614","ffbb7cac-bc3c-44ad-b644-81a537f6b270","ARRIVAL","250.00","2025-05-07 11:40:02.85459+00","roma"
"44403151-5d37-4925-974e-b275ce26b809","224e9d29-2702-4c75-b231-cca8ef123a3b","3a70762a-329c-4b00-9c7e-2e9d4c1f4cfe","ffbb7cac-bc3c-44ad-b644-81a537f6b270","ARRIVAL","450.00","2025-05-07 12:24:45.485009+00","R"
"491b8f7d-f645-4519-9dc1-c3ccc34b3457","4742c587-09b9-4157-b95f-7a02d902feb2","d4ae5bac-8cd7-46bf-bce1-7b66b5e1ae35","ffbb7cac-bc3c-44ad-b644-81a537f6b270","DEPARTURE","450.00","2025-05-08 07:34:50.49593+00",""
"49fcd6bc-88c9-4f46-8fbc-28d819ccdfeb","6c02f57f-9cde-4bdd-8507-33b36f67f5b8","690b1e7a-569d-4347-a421-6781db279172","ffbb7cac-bc3c-44ad-b644-81a537f6b270","DEPARTURE","250.00","2025-05-08 07:34:34.762546+00",""
"4a5b568d-6d70-4b8a-a4a4-4c1edc91f845","224e9d29-2702-4c75-b231-cca8ef123a3b","3a70762a-329c-4b00-9c7e-2e9d4c1f4cfe","ffbb7cac-bc3c-44ad-b644-81a537f6b270","DEPARTURE","900.00","2025-05-08 07:35:59.278357+00","Quick departure using tare weight"
"5290325b-7ee4-4124-8290-382ce4988b41","109e53cf-c172-4365-97ac-858b37348a0a","d63f4c98-9b4d-4a7c-8db1-3424d86eb81c","ffbb7cac-bc3c-44ad-b644-81a537f6b270","ARRIVAL","400.00","2025-05-07 13:15:36.379774+00","R"
"57cdadd8-b8e5-4cdd-bd83-dcecca17d514","924c5dc0-382f-4570-857d-a67a54697b03","9abf8c48-1c94-48b8-aa35-198457132975","57aeb709-c410-44c7-94b5-48a195631acf","DEPARTURE","2000.00","2025-05-08 08:31:31.418229+00",""
"58c67e16-c60d-424e-b6be-0bf1c5e6d852","6a9440a9-2932-4549-ad2c-801bd9b8c6fb","8a567c0d-9a24-4aeb-8ace-54daab5d8c4b","ffbb7cac-bc3c-44ad-b644-81a537f6b270","ARRIVAL","25.00","2025-05-08 14:38:18.077938+00","stuff"
"5e5ae588-9404-41f2-8aea-46297911b455","94f19aaf-1bf9-4cdb-b5eb-fb38690ec47b","0c31bd3e-51b6-4c6d-9d90-19456d865162","ffbb7cac-bc3c-44ad-b644-81a537f6b270","DEPARTURE","350.00","2025-05-08 07:35:20.10644+00",""
"64f5b058-1074-4842-aca9-fa1794fcbdde","4742c587-09b9-4157-b95f-7a02d902feb2","d4ae5bac-8cd7-46bf-bce1-7b66b5e1ae35","ffbb7cac-bc3c-44ad-b644-81a537f6b270","ARRIVAL","600.00","2025-05-08 07:03:51.236566+00","woodlands"
"650d1955-d5d1-410e-835c-2b20a4920fbf","7e2e2da4-79e6-4a0c-b464-23f2cd3c8105","8a567c0d-9a24-4aeb-8ace-54daab5d8c4b","ffbb7cac-bc3c-44ad-b644-81a537f6b270","ARRIVAL","4005.00","2025-05-08 16:40:55.271362+00","R"
"6518f1dd-a1d6-4d9c-a2ae-c91a02ba11ba","fbb12338-e146-4365-a899-f23a3548ee35","d63f4c98-9b4d-4a7c-8db1-3424d86eb81c","ffbb7cac-bc3c-44ad-b644-81a537f6b270","ARRIVAL","350.00","2025-05-07 13:12:22.538947+00","R"
"65b261b5-575e-4d6e-893c-57f700826694","0a746e63-49db-437d-896e-117b53fd83fc","1b9c4e69-a11e-45a9-82fd-960123c6e39a","ffbb7cac-bc3c-44ad-b644-81a537f6b270","ARRIVAL","5568.56","2025-05-08 12:08:12.044744+00","R"
"66ced75e-01c6-4446-8e2f-369f86c5c275","4cedd563-6c3d-4f7f-bbda-0751f7be2c9a","3ba6013c-865d-4554-a1ee-52eca4570ec7","ffbb7cac-bc3c-44ad-b644-81a537f6b270","ARRIVAL","500.00","2025-05-08 12:28:24.056321+00","R"
"69083f3c-e5a1-4d2a-b497-71627bcb21e0","fe9aa8a6-4ac4-4bf3-8ae2-07c87f56a4bb","8a567c0d-9a24-4aeb-8ace-54daab5d8c4b","ffbb7cac-bc3c-44ad-b644-81a537f6b270","DEPARTURE","2650.00","2025-05-08 12:55:40.997086+00","Quick departure using tare weight"
"6a64c732-b489-4d51-b696-b8171b0aa571","05519d52-e473-48d4-8825-1a26faaccd36","1b9c4e69-a11e-45a9-82fd-960123c6e39a","ffbb7cac-bc3c-44ad-b644-81a537f6b270","DEPARTURE","125.60","2025-05-08 11:31:32.227185+00",""
"6b1ac835-b7ed-4f2f-92ba-9e024cd154c3","bc76f761-cd2d-4d59-b945-6db4428b8458","d63f4c98-9b4d-4a7c-8db1-3424d86eb81c","ffbb7cac-bc3c-44ad-b644-81a537f6b270","ARRIVAL","250.00","2025-05-07 13:19:04.918535+00","R"
"6cfabb33-bb90-4a1d-a521-14f730f2badf","2256ff07-345a-427f-a2ad-fd8b6067da6e","3a70762a-329c-4b00-9c7e-2e9d4c1f4cfe","ffbb7cac-bc3c-44ad-b644-81a537f6b270","DEPARTURE","250.00","2025-05-08 07:35:39.356648+00","Quick departure using tare weight"
"6df83c9a-f28e-4479-91a4-7a3cd6e019a2","fbb12338-e146-4365-a899-f23a3548ee35","d63f4c98-9b4d-4a7c-8db1-3424d86eb81c","ffbb7cac-bc3c-44ad-b644-81a537f6b270","DEPARTURE","400.00","2025-05-08 07:34:26.789848+00","Quick departure using tare weight"
"6f6a8a42-98e7-4236-b882-eef3356f5ecc","85f6d0bf-19aa-45f7-8c04-b7b6b138e157","3a70762a-329c-4b00-9c7e-2e9d4c1f4cfe","ffbb7cac-bc3c-44ad-b644-81a537f6b270","ARRIVAL","450.00","2025-05-07 12:33:15.961244+00","R"
"778e5e34-ec64-4847-a4e7-494478e8f37f","9c3fd2bc-7550-44cc-91db-eeceb660159b","80989091-a1fb-4c4e-a36a-fe72b76d607c","ffbb7cac-bc3c-44ad-b644-81a537f6b270","DEPARTURE","450.00","2025-05-08 12:54:42.316969+00","Quick departure using tare weight"
"80bbc185-fda8-4ebc-8827-64af48637552","b58c7dcd-b99b-450d-85f5-524895276c24","3a70762a-329c-4b00-9c7e-2e9d4c1f4cfe","ffbb7cac-bc3c-44ad-b644-81a537f6b270","DEPARTURE","590.00","2025-05-08 07:35:43.703945+00","Quick departure using tare weight"
"80cbfded-b041-4b97-ad01-ac11381c2793","7b99fa8f-47b5-4e23-b8d2-6b36d8bc709f","3a70762a-329c-4b00-9c7e-2e9d4c1f4cfe","ffbb7cac-bc3c-44ad-b644-81a537f6b270","ARRIVAL","900.00","2025-05-07 12:42:15.398003+00","R"
"83131196-b67b-41ab-9b75-820fc29f958d","e7d953b2-8604-4cdd-beb3-97e442579ec5","e8c8ce5d-d82e-465e-b41e-cc706599af77","10a72e1a-afd4-411f-996c-7e475fea1863","ARRIVAL","1900.00","2025-05-08 08:23:28.503714+00","uth"
"866e7c5a-e3de-4ec9-b83a-18f8dde2deb8","fe9aa8a6-4ac4-4bf3-8ae2-07c87f56a4bb","8a567c0d-9a24-4aeb-8ace-54daab5d8c4b","ffbb7cac-bc3c-44ad-b644-81a537f6b270","ARRIVAL","253.00","2025-05-08 12:55:18.510226+00","kaunda square"
"86cbc8de-36e2-49c8-bd56-a47cd6c38024","96c104df-ee27-41b3-a6fb-806084a0888e","690b1e7a-569d-4347-a421-6781db279172","ffbb7cac-bc3c-44ad-b644-81a537f6b270","ARRIVAL","258.00","2025-05-08 10:01:32.187679+00","R"
"8acba596-e244-4888-9da7-3459a10d02ee","109e53cf-c172-4365-97ac-858b37348a0a","d63f4c98-9b4d-4a7c-8db1-3424d86eb81c","ffbb7cac-bc3c-44ad-b644-81a537f6b270","DEPARTURE","250.00","2025-05-07 13:35:36.19791+00","Quick departure using tare weight"
"8b265e6f-5b5c-4a7c-98a2-ae5098096622","6d62d14f-9525-4abb-abf6-3ee0b6d103aa","f2de26a3-5f4c-4853-b2e2-43530dcce03d","ffbb7cac-bc3c-44ad-b644-81a537f6b270","ARRIVAL","360.00","2025-05-07 12:53:38.853957+00","woodlands"
"8ebc826e-6376-494d-ab81-3fdf2cf8ad62","9e39e8f9-c4e9-4a97-b23b-1eb865ba3aff","3ba6013c-865d-4554-a1ee-52eca4570ec7","ffbb7cac-bc3c-44ad-b644-81a537f6b270","ARRIVAL","600.00","2025-05-08 12:30:06.566423+00","R"
"905ea399-4f86-471b-8cc3-d900ab4baeeb","7c23f8a1-af53-4b0e-ae79-4cbfebf56431","3076981b-5fc5-406c-a80e-8367b37a2322","ffbb7cac-bc3c-44ad-b644-81a537f6b270","DEPARTURE","600.00","2025-05-08 07:34:15.369168+00","nothing"
"90aa3cc2-ea30-4fe5-8136-a8cf2043ffa5","2256ff07-345a-427f-a2ad-fd8b6067da6e","3a70762a-329c-4b00-9c7e-2e9d4c1f4cfe","ffbb7cac-bc3c-44ad-b644-81a537f6b270","ARRIVAL","590.00","2025-05-07 12:47:09.4736+00","R"
"914bdbeb-f376-431b-aeab-e6c054364352","7c23f8a1-af53-4b0e-ae79-4cbfebf56431","3076981b-5fc5-406c-a80e-8367b37a2322","ffbb7cac-bc3c-44ad-b644-81a537f6b270","ARRIVAL","450.00","2025-05-08 07:26:20.09528+00","R"
"928b61aa-7e1f-4ceb-a43d-0002d5ddd399","6bbda2ef-104d-424b-94e6-35eac4b49140","2242c6ce-e138-47fc-82b5-777e27a26614","ffbb7cac-bc3c-44ad-b644-81a537f6b270","DEPARTURE","450.00","2025-05-08 07:36:18.285508+00",""
"96bf2b12-301a-44f1-8347-e17dca6e8af5","6e63b4d0-ad73-435f-aa47-fd521a00c64e","0a80073c-2fb8-43a3-935e-d7a9e5347e41","ffbb7cac-bc3c-44ad-b644-81a537f6b270","DEPARTURE","444.00","2025-05-08 12:29:41.602657+00",""
"97b97cd5-1bc2-452d-bda6-2a57cd7e41ed","94f19aaf-1bf9-4cdb-b5eb-fb38690ec47b","0c31bd3e-51b6-4c6d-9d90-19456d865162","ffbb7cac-bc3c-44ad-b644-81a537f6b270","ARRIVAL","850.00","2025-05-07 12:04:09.008052+00","Woodlands"
"97fc1ba5-05d1-465e-994e-22d0244bfad0","7554eaa2-d57d-4045-9a03-84b6f0252f19","fd9503ff-461e-479c-a9f7-ac083818104f","ffbb7cac-bc3c-44ad-b644-81a537f6b270","ARRIVAL","1000.50","2025-05-08 10:41:11.044898+00","Woodlands"
"989a83ce-bc17-41db-9307-0d0f2fec2e11","c3035afd-1a66-4cff-bdba-faeff334adc8","30e19ad3-160f-45ef-b82a-0593cae174d0","f11b0a15-c3f1-4b8e-9dc2-ec4b67f436e8","ARRIVAL","2800.00","2025-05-08 08:33:42.686895+00","light industrial area"
"9a52ea64-a768-4f00-8f5b-3905f6c69c57","37a3c5b7-8d16-40e6-a006-e93c0417b957","d63f4c98-9b4d-4a7c-8db1-3424d86eb81c","ffbb7cac-bc3c-44ad-b644-81a537f6b270","ARRIVAL","550.00","2025-05-07 13:00:16.577459+00","R"
"9a5cc0d0-b029-4b3b-bf35-eea8b98ab0d4","5bc74bd2-157f-41e1-9b4f-74bad9fa7c19","750427ee-72d0-41a0-ab1a-17b6e1c0dcb9","ffbb7cac-bc3c-44ad-b644-81a537f6b270","ARRIVAL","4665.00","2025-05-08 11:09:07.744157+00","R"
"9b8643a5-c1b3-406a-9e51-050aa0680f29","7554eaa2-d57d-4045-9a03-84b6f0252f19","fd9503ff-461e-479c-a9f7-ac083818104f","ffbb7cac-bc3c-44ad-b644-81a537f6b270","DEPARTURE","632.00","2025-05-08 12:56:11.615186+00",""
"9f27042c-0be5-4f2e-b09a-fa3b38ccfae7","6d6d3bf4-706b-45cb-99be-9bcc9474a5fe","517843ac-75d2-47f6-b10b-83c668ede8af","ffbb7cac-bc3c-44ad-b644-81a537f6b270","ARRIVAL","45000.45","2025-05-08 10:48:43.229641+00","R"
"a1299325-938c-4df5-a32b-349464d03975","a6e8aff3-cf5d-4c43-8ee1-4c465c88ab19","3a70762a-329c-4b00-9c7e-2e9d4c1f4cfe","ffbb7cac-bc3c-44ad-b644-81a537f6b270","DEPARTURE","900.00","2025-05-08 07:36:04.386298+00","Quick departure using tare weight"
"a1912c7a-6f00-4801-828b-27fa58ffcac7","bc60b5f6-1f4f-4ba4-b8f8-6048b3e584bb","690b1e7a-569d-4347-a421-6781db279172","ffbb7cac-bc3c-44ad-b644-81a537f6b270","DEPARTURE","250.00","2025-05-08 12:26:23.725116+00","Quick departure using tare weight"
"a3361348-221d-4f26-a7ef-2ecec44afb5b","f16f2d5d-0c88-4ea0-a57b-ac89c9a92b64","8a567c0d-9a24-4aeb-8ace-54daab5d8c4b","ffbb7cac-bc3c-44ad-b644-81a537f6b270","ARRIVAL","258.00","2025-05-08 12:50:28.038038+00","R"
"a8c26430-a313-495a-8ec3-c7258d2fdb64","5654afd8-3200-4681-a092-031d2d2bee70","9a8cadec-6ad2-4179-a4b5-69fc4e523968","ffbb7cac-bc3c-44ad-b644-81a537f6b270","ARRIVAL","5000.68","2025-05-08 10:30:44.052914+00","Woodlands"
"aae78286-7596-4acd-9eb9-8aad37353118","df19440b-292c-4955-b7c7-88159046d703","364811bc-290c-4ea4-9caf-154549c85843","ffbb7cac-bc3c-44ad-b644-81a537f6b270","DEPARTURE","250.00","2025-05-08 07:34:58.755248+00",""
"acb29d6a-0818-422e-8815-2aae3e34185b","95f63d32-7b01-4b11-8aee-6a78b3b1cff0","287e7657-9ec5-4d9b-9d19-9ecae7f60346","ffbb7cac-bc3c-44ad-b644-81a537f6b270","ARRIVAL","500.00","2025-05-08 10:20:27.696557+00","R"
"ae42aa7b-0953-45b2-8aea-769a42f3e62a","26e15929-9d8f-47fd-a767-3659f531d92b","8a567c0d-9a24-4aeb-8ace-54daab5d8c4b","ffbb7cac-bc3c-44ad-b644-81a537f6b270","DEPARTURE","2000.00","2025-05-08 12:40:57.96654+00","Quick departure using tare weight"
"aedd969c-abf7-4e0c-9460-5f9b62144bb8","0bebef37-2e2c-4ef6-9e99-8584a3405e3d","b2c13d0b-0997-4c3f-af20-358e188337ca","ffbb7cac-bc3c-44ad-b644-81a537f6b270","ARRIVAL","6000.45","2025-05-08 10:59:49.2178+00","R"
"b158ae52-a8cd-4a9c-b0b8-7b7e17f3246a","b7c6dc6e-db9b-4f11-b700-a21eaf007374","9f806a22-7c96-4049-9a40-9da2380d958b","ffbb7cac-bc3c-44ad-b644-81a537f6b270","DEPARTURE","450.00","2025-05-07 15:09:02.042229+00",""
"b1a50a8c-f71b-4dc9-acbe-6cd268f196ff","8e469e37-2ffd-4b2b-8c4d-3a9a3ee3fe65","1b9c4e69-a11e-45a9-82fd-960123c6e39a","ffbb7cac-bc3c-44ad-b644-81a537f6b270","ARRIVAL","645676.00","2025-05-08 11:11:56.903605+00","roma"
"ba545c57-ce30-4a4e-89bc-8a9b44366c89","6d62d14f-9525-4abb-abf6-3ee0b6d103aa","f2de26a3-5f4c-4853-b2e2-43530dcce03d","ffbb7cac-bc3c-44ad-b644-81a537f6b270","DEPARTURE","430.00","2025-05-08 07:35:28.165627+00",""
"cabe705c-86c1-4baf-a57a-a077ef5c3773","bc76f761-cd2d-4d59-b945-6db4428b8458","d63f4c98-9b4d-4a7c-8db1-3424d86eb81c","ffbb7cac-bc3c-44ad-b644-81a537f6b270","DEPARTURE","550.00","2025-05-07 13:35:13.38704+00",""
"cbacd300-089b-47e9-8a01-f4058f0bc6f3","be0a3cd8-e21a-42fb-9da4-068187c6a4ef","2babea23-e924-4600-ac9c-8b3c4f9df534","ffbb7cac-bc3c-44ad-b644-81a537f6b270","ARRIVAL","2500.00","2025-05-08 10:25:08.576934+00","roma"
"cc12ea49-eaee-49c8-b967-90a31c6da301","7b99fa8f-47b5-4e23-b8d2-6b36d8bc709f","3a70762a-329c-4b00-9c7e-2e9d4c1f4cfe","ffbb7cac-bc3c-44ad-b644-81a537f6b270","DEPARTURE","590.00","2025-05-08 07:35:47.764621+00","Quick departure using tare weight"
"cd443a07-b2a1-4b9a-9caf-0561b3d2b20a","4e357b9a-5837-4120-ae91-c789af153c6e","d63f4c98-9b4d-4a7c-8db1-3424d86eb81c","ffbb7cac-bc3c-44ad-b644-81a537f6b270","ARRIVAL","860.00","2025-05-07 13:03:53.286513+00","R"
"ce030776-bb26-40be-881e-d444bb146ea8","f16f2d5d-0c88-4ea0-a57b-ac89c9a92b64","8a567c0d-9a24-4aeb-8ace-54daab5d8c4b","ffbb7cac-bc3c-44ad-b644-81a537f6b270","DEPARTURE","2650.00","2025-05-08 12:55:44.847846+00","Quick departure using tare weight"
"d2e7b79e-2eaf-4565-b7af-c350593053ff","383b1f7c-7c77-4495-aa3d-ef482632ba53","8a567c0d-9a24-4aeb-8ace-54daab5d8c4b","ffbb7cac-bc3c-44ad-b644-81a537f6b270","DEPARTURE","2000.00","2025-05-08 12:40:09.265258+00",""
"d396f61f-a6eb-4619-a3b3-adbf5b8c0c19","f947d03f-699d-4203-bea5-6a0f3f25d5b4","191c03ca-c2fb-410f-8b6e-d9a3f9201882","e4ea6afa-cb1c-4785-a3b4-727ba2bc3de6","ARRIVAL","10300.00","2025-05-08 08:41:40.831104+00","Kanyama"
"d7aad064-005a-43e6-b0bf-a52ccdbae14a","6d6d3bf4-706b-45cb-99be-9bcc9474a5fe","517843ac-75d2-47f6-b10b-83c668ede8af","ffbb7cac-bc3c-44ad-b644-81a537f6b270","DEPARTURE","676.00","2025-05-08 12:56:04.401762+00",""
"d8050c61-0457-4ce7-9b0e-dd727394a003","383b1f7c-7c77-4495-aa3d-ef482632ba53","8a567c0d-9a24-4aeb-8ace-54daab5d8c4b","ffbb7cac-bc3c-44ad-b644-81a537f6b270","ARRIVAL","2500.00","2025-05-08 12:39:33.736963+00","woodlands"
"db49736a-728f-4f90-86e3-dfc0f5b4a3be","26e15929-9d8f-47fd-a767-3659f531d92b","8a567c0d-9a24-4aeb-8ace-54daab5d8c4b","ffbb7cac-bc3c-44ad-b644-81a537f6b270","ARRIVAL","2650.00","2025-05-08 12:40:44.478985+00","R"
"dca9bc35-6a1d-458a-b9b2-5b5288c0a8cf","9c3fd2bc-7550-44cc-91db-eeceb660159b","80989091-a1fb-4c4e-a36a-fe72b76d607c","ffbb7cac-bc3c-44ad-b644-81a537f6b270","ARRIVAL","258.00","2025-05-08 12:54:22.557152+00","R"
"e28cc5cd-f5a7-4425-b981-d353bf9b4630","45bc6a4d-2992-44f5-843a-342d38d03d69","3a70762a-329c-4b00-9c7e-2e9d4c1f4cfe","ffbb7cac-bc3c-44ad-b644-81a537f6b270","ARRIVAL","250.00","2025-05-07 12:51:03.268962+00","R"
"e450a5c6-e8a5-41c2-b8fa-f38cc232b606","605cd2be-1f10-493a-8ab7-3b6c77d48070","690b1e7a-569d-4347-a421-6781db279172","ffbb7cac-bc3c-44ad-b644-81a537f6b270","DEPARTURE","250.00","2025-05-08 07:34:41.421986+00","Quick departure using tare weight"
"e70ba60a-9dd2-43de-b844-fa6610606c2b","e7d953b2-8604-4cdd-beb3-97e442579ec5","e8c8ce5d-d82e-465e-b41e-cc706599af77","10a72e1a-afd4-411f-996c-7e475fea1863","DEPARTURE","2000.00","2025-05-08 08:31:42.592291+00",""
"e9d753a2-8ad8-429d-83ba-c7e3c0ada603","5bc74bd2-157f-41e1-9b4f-74bad9fa7c19","750427ee-72d0-41a0-ab1a-17b6e1c0dcb9","ffbb7cac-bc3c-44ad-b644-81a537f6b270","DEPARTURE","500.64","2025-05-08 11:09:37.658599+00",""
"eb10ed29-3a34-4573-a15b-245b305e30df","0bebef37-2e2c-4ef6-9e99-8584a3405e3d","b2c13d0b-0997-4c3f-af20-358e188337ca","ffbb7cac-bc3c-44ad-b644-81a537f6b270","DEPARTURE","600.00","2025-05-08 12:55:56.058915+00",""
"ec21ea6b-1729-4c8a-8c64-c215db391441","df19440b-292c-4955-b7c7-88159046d703","364811bc-290c-4ea4-9caf-154549c85843","ffbb7cac-bc3c-44ad-b644-81a537f6b270","ARRIVAL","350.00","2025-05-07 13:25:04.145287+00","R"
"ed5962b2-1772-45b6-b839-a0b7cd11d065","22c451d4-5ce3-472c-9728-fefd07f1a0ec","90f1bf56-4937-43ec-8a6f-c8becc2d1924","ffbb7cac-bc3c-44ad-b644-81a537f6b270","DEPARTURE","650.00","2025-05-08 07:36:10.903497+00",""
"f06aa0a7-e0c7-4b22-bdac-e48adccd2c48","924c5dc0-382f-4570-857d-a67a54697b03","9abf8c48-1c94-48b8-aa35-198457132975","57aeb709-c410-44c7-94b5-48a195631acf","ARRIVAL","1000.00","2025-05-08 08:29:52.489902+00","R"
"f2258c7c-d2c2-4963-8cb1-1e2b359ef783","4cedd563-6c3d-4f7f-bbda-0751f7be2c9a","3ba6013c-865d-4554-a1ee-52eca4570ec7","ffbb7cac-bc3c-44ad-b644-81a537f6b270","DEPARTURE","50.00","2025-05-08 12:28:52.113562+00",""
"f27553a7-0a9d-4435-8636-42bde2f2b420","c3035afd-1a66-4cff-bdba-faeff334adc8","30e19ad3-160f-45ef-b82a-0593cae174d0","f11b0a15-c3f1-4b8e-9dc2-ec4b67f436e8","DEPARTURE","22020.00","2025-05-08 08:58:33.367791+00",""
"f31d618e-012f-4d5e-8fc3-2a4fc8c92cb8","b58c7dcd-b99b-450d-85f5-524895276c24","3a70762a-329c-4b00-9c7e-2e9d4c1f4cfe","ffbb7cac-bc3c-44ad-b644-81a537f6b270","ARRIVAL","500.00","2025-05-07 12:44:28.43928+00","R"
"f9c6ec3e-e1a9-4067-b8d2-2bbe45234c87","37a3c5b7-8d16-40e6-a006-e93c0417b957","d63f4c98-9b4d-4a7c-8db1-3424d86eb81c","ffbb7cac-bc3c-44ad-b644-81a537f6b270","DEPARTURE","860.00","2025-05-08 07:35:08.563492+00","Quick departure using tare weight"
"fd1dcfca-7b9c-4b58-a89e-3a96a405bf83","85f6d0bf-19aa-45f7-8c04-b7b6b138e157","3a70762a-329c-4b00-9c7e-2e9d4c1f4cfe","ffbb7cac-bc3c-44ad-b644-81a537f6b270","DEPARTURE","900.00","2025-05-08 07:35:54.314463+00","Quick departure using tare weight"
"fe977d84-b313-48c0-9346-82ceb9ee5933","0a746e63-49db-437d-896e-117b53fd83fc","1b9c4e69-a11e-45a9-82fd-960123c6e39a","ffbb7cac-bc3c-44ad-b644-81a537f6b270","DEPARTURE","125.60","2025-05-08 12:55:48.320496+00","Quick departure using tare weight"
